<?xml version="1.0" encoding="UTF-8"?>
<project-private xmlns="http://www.netbeans.org/ns/project-private/1">
    <editor-bookmarks xmlns="http://www.netbeans.org/ns/editor-bookmarks/2" lastBookmarkId="0"/>
    <open-files xmlns="http://www.netbeans.org/ns/projectui-open-files/2">
        <group>
            <file>file:/C:/Users/PC-USER/Desktop/4IV7_PSW_MolinaReyesBarbaraMontserrat/E2RegistrodeMaquinas/web/media/style3.css</file>
            <file>file:/C:/Users/PC-USER/Desktop/4IV7_PSW_MolinaReyesBarbaraMontserrat/E2RegistrodeMaquinas/src/java/cartaCompromiso.java</file>
            <file>file:/C:/Users/PC-USER/Desktop/4IV7_PSW_MolinaReyesBarbaraMontserrat/E2RegistrodeMaquinas/src/java/mostrarR.java</file>
            <file>file:/C:/Users/PC-USER/Desktop/4IV7_PSW_MolinaReyesBarbaraMontserrat/E2RegistrodeMaquinas/src/java/verRegistro.java</file>
            <file>file:/C:/Users/PC-USER/Desktop/4IV7_PSW_MolinaReyesBarbaraMontserrat/E2RegistrodeMaquinas/web/media/style4.css</file>
            <file>file:/C:/Users/PC-USER/Desktop/4IV7_PSW_MolinaReyesBarbaraMontserrat/E2RegistrodeMaquinas/web/mostrar.html</file>
            <file>file:/C:/Users/PC-USER/Desktop/4IV7_PSW_MolinaReyesBarbaraMontserrat/E2RegistrodeMaquinas/web/media/style1.css</file>
            <file>file:/C:/Users/PC-USER/Desktop/4IV7_PSW_MolinaReyesBarbaraMontserrat/E2RegistrodeMaquinas/web/media/style2.css</file>
            <file>file:/C:/Users/PC-USER/Desktop/4IV7_PSW_MolinaReyesBarbaraMontserrat/E2RegistrodeMaquinas/web/media/logica.js</file>
            <file>file:/C:/Users/PC-USER/Desktop/4IV7_PSW_MolinaReyesBarbaraMontserrat/E2RegistrodeMaquinas/src/java/mostrarRegistro.java</file>
            <file>file:/C:/Users/PC-USER/Desktop/4IV7_PSW_MolinaReyesBarbaraMontserrat/E2RegistrodeMaquinas/web/index.html</file>
        </group>
    </open-files>
</project-private>
